-0.347441,-0.24557,-0.024872
-0.353335,-0.247823,-0.024411
-0.324614,-0.249457,-0.025884
-0.295041,-0.250628,-0.024268
-0.329857,-0.249089,-0.026307
-0.301807,-0.248807,-0.025679
-0.31381,-0.24982,-0.024829
-0.314134,-0.247763,-0.023201
-0.341392,-0.245795,-0.023896
-0.242686,-0.246743,-0.025241
-0.248769,-0.247646,-0.023677
-0.23205,-0.248813,-0.022829
-0.174244,-0.246571,-0.024142
-0.149097,-0.246215,-0.024361
-0.20371,-0.248523,-0.024032
-0.161762,-0.245882,-0.025396
-0.16481,-0.247876,-0.023612
-0.095402,-0.246494,-0.025324
-0.124277,-0.246264,-0.024156
-0.132635,-0.249687,-0.02401
-0.165568,-0.24794,-0.024594
-0.220703,-0.246587,-0.025485
-0.252303,-0.245129,-0.025206
-0.238191,-0.244117,-0.025219
-0.262573,-0.244426,-0.024104
-0.230746,-0.246671,-0.024035
-0.25542,-0.246412,-0.024851
-0.259175,-0.24618,-0.024555
-0.263995,-0.243722,-0.024625
-0.249966,-0.24376,-0.024694
-0.244084,-0.246915,-0.026117
-0.266169,-0.243991,-0.024849
-0.249059,-0.245935,-0.025566
-0.238136,-0.245355,-0.023382
-0.261197,-0.243841,-0.024331
-0.265625,-0.246864,-0.024258
-0.277353,-0.242565,-0.025708
-0.263595,-0.246865,-0.025433
-0.243072,-0.247416,-0.024745
-0.224483,-0.245366,-0.024875
-0.228219,-0.244637,-0.024999
-0.26552,-0.245203,-0.02425
-0.302356,-0.244697,-0.024501
-0.317883,-0.245098,-0.024336
-0.280987,-0.245006,-0.025423
-0.322502,-0.244681,-0.025838
-0.304669,-0.243488,-0.026102
-0.337346,-0.245044,-0.025936
-0.281382,-0.244623,-0.023916
-0.325082,-0.246219,-0.025338
-0.311327,-0.248953,-0.024724
-0.329095,-0.24881,-0.02589
-0.310477,-0.248202,-0.023562
-0.27957,-0.248756,-0.02621
-0.294834,-0.246519,-0.023255
-0.245111,-0.246597,-0.024624
-0.229247,-0.245725,-0.025286
-0.207237,-0.244747,-0.025015
-0.205893,-0.247703,-0.024865
-0.257276,-0.245673,-0.024542
-0.269924,-0.244767,-0.02408
-0.232872,-0.243399,-0.025549
-0.207319,-0.244422,-0.024385
-0.163804,-0.245386,-0.024797
-0.159521,-0.246375,-0.025616
-0.182531,-0.243876,-0.024335
-0.1896,-0.244953,-0.024415
-0.190219,-0.245004,-0.025325
-0.15423,-0.246501,-0.024595
-0.188277,-0.244165,-0.024433
-0.14761,-0.244468,-0.024523
-0.130021,-0.244001,-0.023918
-0.090891,-0.244031,-0.024967
-0.088913,-0.246793,-0.024289
-0.048471,-0.248708,-0.023367
-0.103552,-0.247532,-0.023763
-0.142593,-0.246716,-0.023774
-0.151428,-0.246743,-0.02504
-0.092657,-0.247669,-0.024318
-0.029434,-0.246763,-0.024838
-0.053412,-0.244969,-0.023799
-0.107232,-0.24489,-0.025251
-0.193829,-0.246098,-0.026433
-0.164367,-0.246735,-0.025586
-0.206879,-0.245792,-0.024214
-0.240444,-0.246312,-0.02279
-0.252745,-0.245209,-0.024764
-0.232318,-0.245259,-0.024883
-0.213771,-0.24753,-0.025266
-0.293064,-0.246187,-0.025098
-0.374332,-0.245192,-0.024832
-0.45134,-0.24472,-0.025194
-0.465193,-0.247077,-0.024562
-0.47261,-0.248138,-0.023242
-0.459331,-0.249232,-0.023942
-0.524294,-0.248063,-0.025204
-0.570066,-0.24745,-0.024526
-0.606559,-0.243519,-0.023777
-0.579732,-0.248255,-0.02427
-0.657351,-0.248473,-0.025185
-0.69572,-0.246644,-0.026078
-0.732682,-0.244814,-0.023941
-0.719364,-0.245115,-0.0237
-0.793184,-0.245365,-0.026135
-0.815502,-0.246161,-0.025313
-0.898298,-0.245564,-0.024771
-0.861613,-0.245379,-0.025086
-0.887698,-0.246054,-0.025065
-0.968176,-0.245738,-0.024816
-0.91215,-0.245339,-0.024833
-0.920953,-0.245821,-0.026173
-0.864649,-0.246322,-0.022761
-0.87292,-0.248068,-0.025364
-0.839141,-0.248891,-0.0252
-0.761823,-0.248027,-0.024985
-0.747733,-0.247676,-0.025438
-0.79479,-0.250315,-0.024802
-0.805556,-0.251882,-0.02587
-0.754665,-0.248331,-0.024535
-0.692637,-0.245876,-0.024767
-0.646886,-0.244519,-0.02497
-0.578267,-0.245462,-0.025105
-0.457864,-0.244287,-0.024173
-0.470553,-0.243625,-0.025166
-0.489362,-0.243554,-0.024645
-0.571732,-0.242723,-0.02461
-0.620512,-0.247144,-0.023732
-0.596584,-0.247443,-0.025213
-0.706524,-0.246095,-0.024342
-0.750164,-0.24934,-0.023604
-0.709897,-0.247894,-0.026098
-0.692938,-0.246437,-0.023492
-0.795594,-0.247456,-0.023693
-0.863318,-0.24568,-0.024875
-0.834502,-0.248258,-0.025471
-0.753001,-0.245351,-0.024791
-0.780513,-0.248812,-0.025032
-0.789375,-0.247525,-0.025098
-0.894733,-0.246447,-0.024527
-0.906897,-0.245627,-0.025957
-0.950455,-0.244727,-0.023576
-0.853715,-0.246339,-0.023974
-0.860103,-0.246583,-0.023975
-0.908835,-0.248145,-0.025265
-0.99866,-0.247316,-0.024448
-0.947299,-0.248997,-0.024369
-0.961045,-0.247982,-0.024038
-1.005377,-0.246411,-0.023186
-1.066254,-0.245132,-0.024131
-1.017741,-0.246486,-0.024005
-1.008305,-0.247043,-0.023632
-1.068823,-0.249251,-0.023557
-1.065807,-0.248542,-0.025006
-1.09668,-0.242958,-0.025286
-1.102667,-0.246399,-0.026192
-1.066916,-0.243482,-0.023994
-1.018193,-0.24479,-0.023972
-0.894065,-0.244271,-0.02454
-0.857496,-0.242675,-0.024794
-0.920675,-0.245068,-0.023912
-0.890601,-0.246004,-0.024926
-0.902535,-0.24534,-0.025319
-0.90133,-0.24743,-0.025742
-0.801229,-0.247107,-0.025459
-0.762073,-0.246517,-0.025929
-0.751203,-0.246491,-0.025487
-0.748606,-0.247949,-0.025156
-0.73255,-0.248624,-0.026151
-0.730579,-0.248643,-0.02475
-0.742771,-0.248312,-0.026336
-0.710678,-0.246071,-0.024419
-0.740327,-0.249728,-0.025182
-0.761654,-0.249476,-0.026008
-0.694349,-0.249849,-0.025165
-0.645645,-0.249782,-0.024738
-0.586458,-0.251398,-0.025556
-0.573971,-0.249529,-0.024999
-0.579772,-0.25331,-0.025796
-0.622158,-0.254847,-0.025607
-0.669455,-0.253387,-0.025385
-0.651265,-0.254477,-0.024919
-0.674827,-0.252831,-0.025649
-0.640013,-0.254805,-0.025048
-0.595633,-0.252989,-0.023487
-0.44001,-0.251371,-0.026203
-0.346326,-0.253476,-0.028457
-0.254581,-0.256849,-0.028799
-0.127411,-0.258301,-0.027704
-0.046436,-0.260309,-0.02741
0.017491,-0.259192,-0.027899
0.159737,-0.25969,-0.027807
0.394706,-0.259182,-0.025701
0.598853,-0.256773,-0.02629
0.680195,-0.259349,-0.025572
0.760314,-0.258869,-0.027214
0.820469,-0.258174,-0.025379
0.901453,-0.257778,-0.026176
0.942209,-0.259894,-0.024279
0.995779,-0.263157,-0.02472
1.044985,-0.264663,-0.024172
1.102856,-0.264042,-0.025557
1.108528,-0.264917,-0.025552
1.133622,-0.26668,-0.024028
1.15977,-0.267891,-0.024199
1.163178,-0.267339,-0.023489
1.224138,-0.26665,-0.024658
1.212035,-0.263045,-0.024066
1.241283,-0.26363,-0.024596
1.258274,-0.263363,-0.024951
1.302681,-0.262288,-0.024942
1.347027,-0.264773,-0.025386
1.352519,-0.265831,-0.025113
1.372035,-0.265123,-0.0255
1.407872,-0.264112,-0.025894
1.453173,-0.265194,-0.025524
1.449667,-0.264731,-0.024998
1.477638,-0.263582,-0.024822
1.490532,-0.266908,-0.024545
1.516288,-0.2667,-0.024566
1.539515,-0.265952,-0.02565
1.576366,-0.263716,-0.025173
1.623702,-0.264526,-0.025373
1.650988,-0.267465,-0.02412
1.683328,-0.271992,-0.024696
1.710333,-0.274173,-0.024179
1.732032,-0.271869,-0.02414
1.796022,-0.27564,-0.02546
1.789783,-0.274144,-0.025487
1.828305,-0.271711,-0.024404
1.863406,-0.268176,-0.02478
1.8759,-0.273931,-0.024889
1.911618,-0.273117,-0.024915
1.923919,-0.275032,-0.024178
1.958073,-0.27742,-0.026049
1.99915,-0.276449,-0.024482
2.037338,-0.277694,-0.024646
2.068043,-0.277747,-0.024813
2.089626,-0.280918,-0.025904
2.112848,-0.278929,-0.024368
2.139056,-0.277432,-0.025206
2.20697,-0.280757,-0.023193
2.227222,-0.280814,-0.024586
2.225491,-0.277885,-0.024888
2.274525,-0.278766,-0.024691
2.288206,-0.279732,-0.024806
2.307546,-0.279849,-0.024944
2.357764,-0.28095,-0.025039
2.379312,-0.281114,-0.025771
2.393764,-0.282738,-0.025589
2.437294,-0.284765,-0.024257
2.448576,-0.28559,-0.024519
2.48471,-0.285631,-0.025125
2.517072,-0.283355,-0.024193
2.534361,-0.283906,-0.024499
2.559114,-0.281137,-0.025106
2.588484,-0.282191,-0.024413
2.626125,-0.283426,-0.024704
2.657145,-0.280372,-0.026008
2.676852,-0.284605,-0.024728
2.703665,-0.28719,-0.024082
2.748544,-0.287414,-0.024097
2.772863,-0.290029,-0.024053
2.81047,-0.289672,-0.024653
2.848443,-0.29045,-0.023472
2.869743,-0.290506,-0.024405
2.905265,-0.291473,-0.026069
2.923804,-0.293913,-0.025479
2.941812,-0.293255,-0.024684
2.979012,-0.294447,-0.024873
3.00084,-0.292665,-0.025614
3.065273,-0.292348,-0.025031
3.098963,-0.294524,-0.024401
3.125801,-0.298243,-0.026404
3.17095,-0.299405,-0.024438
3.203918,-0.299286,-0.02578
3.242731,-0.297255,-0.024593
3.26004,-0.302828,-0.024424
3.266175,-0.303195,-0.024883
3.310313,-0.301998,-0.023277
3.339619,-0.303718,-0.024656
3.342737,-0.301686,-0.023927
3.364978,-0.299867,-0.025258
3.399908,-0.303661,-0.025656
3.409955,-0.303147,-0.023322
3.427532,-0.304539,-0.023793
3.461262,-0.301052,-0.024598
3.480279,-0.299671,-0.024606
3.509294,-0.302165,-0.02403
3.553013,-0.306964,-0.023783
3.565797,-0.310228,-0.024838
3.573987,-0.307529,-0.025201
3.607127,-0.312941,-0.023775
3.651999,-0.312001,-0.024346
3.675717,-0.310645,-0.021568
3.703524,-0.312101,-0.022446
3.719936,-0.317169,-0.023033
3.753337,-0.319226,-0.023933
3.798722,-0.319661,-0.024146
3.888727,-0.325322,-0.02807
3.935368,-0.321879,-0.027752
3.944031,-0.32097,-0.02906
3.999297,-0.31906,-0.027771
4.038844,-0.320258,-0.027188
4.088388,-0.322763,-0.027664
4.112997,-0.32233,-0.027436
4.140125,-0.322861,-0.028394
4.171167,-0.325792,-0.028001
4.186992,-0.322826,-0.028485
4.23349,-0.324603,-0.028151
4.26501,-0.324144,-0.028273
4.309307,-0.324611,-0.027113
4.336073,-0.326311,-0.027528
4.377992,-0.32667,-0.027132
4.415887,-0.327585,-0.026895
4.460652,-0.325179,-0.026175
4.515011,-0.327189,-0.026619
4.543373,-0.329666,-0.02587
4.579718,-0.329511,-0.02473
4.623027,-0.331639,-0.026057
4.640986,-0.330478,-0.02556
4.673337,-0.328193,-0.024034
4.697396,-0.329609,-0.024928
4.723187,-0.330185,-0.024008
4.755025,-0.335075,-0.024091
4.784545,-0.334032,-0.024391
4.806655,-0.331837,-0.024832
4.86599,-0.338211,-0.023224
4.880442,-0.338173,-0.024385
4.908074,-0.336993,-0.023148
4.930391,-0.33698,-0.023
4.930939,-0.337576,-0.023165
4.973169,-0.33401,-0.022066
5.007113,-0.335779,-0.023217
5.05753,-0.338205,-0.02346
5.084872,-0.336631,-0.023981
5.129508,-0.33674,-0.022962
5.165658,-0.338581,-0.024798
5.207062,-0.339108,-0.023321
5.24221,-0.33466,-0.023522
5.266198,-0.334285,-0.024552
5.304857,-0.333491,-0.022224
5.329634,-0.33419,-0.022076
5.340785,-0.332225,-0.021718
5.373894,-0.332828,-0.02269
5.389489,-0.335135,-0.021389
5.39856,-0.332282,-0.021722
5.417148,-0.331488,-0.021984
5.464796,-0.329266,-0.020913
5.464625,-0.329366,-0.021883
5.541614,-0.337512,-0.024909
5.591574,-0.34337,-0.026875
5.625303,-0.347484,-0.027193
5.653618,-0.350524,-0.025635
5.660601,-0.351748,-0.025737
5.727727,-0.353936,-0.02642
5.73045,-0.356545,-0.027019
5.750578,-0.355892,-0.027049
5.787666,-0.356417,-0.026269
5.846198,-0.35629,-0.025737
5.883544,-0.357223,-0.026166
5.924402,-0.360627,-0.026937
5.956729,-0.358998,-0.025471
5.992853,-0.359369,-0.026499
6.01792,-0.360048,-0.025084
6.030206,-0.358992,-0.025409
6.097216,-0.359973,-0.024884
6.13485,-0.361398,-0.025269
6.138893,-0.359067,-0.024331
6.197316,-0.361559,-0.023886
6.239647,-0.361789,-0.023433
6.257875,-0.360687,-0.022827
6.258352,-0.36233,-0.023579
6.313801,-0.360032,-0.021384
6.316616,-0.35593,-0.022939
6.372096,-0.354829,-0.021737
6.398828,-0.351365,-0.021633
6.423135,-0.350301,-0.020869
6.43892,-0.351009,-0.022433
6.488258,-0.365004,-0.02268
6.552805,-0.366674,-0.024857
6.595489,-0.365143,-0.025015
6.64441,-0.365692,-0.02586
6.656516,-0.364257,-0.024995
6.71542,-0.365199,-0.025062
6.733118,-0.365379,-0.02603
6.758366,-0.36716,-0.02566
6.781247,-0.367772,-0.025228
6.80921,-0.365678,-0.025237
6.843191,-0.366332,-0.025915
6.862863,-0.364689,-0.024225
6.870626,-0.365903,-0.024312
6.902016,-0.364929,-0.025087
6.93633,-0.362473,-0.024872
6.964317,-0.358808,-0.022202
6.989885,-0.35794,-0.022483
7.006772,-0.358607,-0.022092
7.084997,-0.371069,-0.025149
7.135082,-0.372267,-0.025756
7.179081,-0.372907,-0.026312
7.213544,-0.371558,-0.024944
7.232467,-0.374116,-0.024087
7.255303,-0.374784,-0.026032
7.270593,-0.376969,-0.025057
7.290299,-0.375163,-0.02579
7.317957,-0.373802,-0.024176
7.342142,-0.374133,-0.023346
7.383095,-0.376521,-0.024009
7.401043,-0.378018,-0.022901
7.484937,-0.385405,-0.026017
7.531084,-0.388361,-0.024897
7.569108,-0.385667,-0.024253
7.622499,-0.382244,-0.024652
7.613517,-0.381315,-0.023373
7.627876,-0.379976,-0.02298
7.645074,-0.380594,-0.020619
7.682156,-0.377929,-0.021631
7.673181,-0.37401,-0.021004
7.680394,-0.373135,-0.020278
7.77199,-0.376407,-0.024338
7.797415,-0.379005,-0.025447
7.831887,-0.381768,-0.0238
7.878043,-0.38308,-0.022554
7.879674,-0.383257,-0.022653
7.916186,-0.38048,-0.021286
7.93215,-0.38124,-0.019751
7.999039,-0.387323,-0.027217
8.040269,-0.389275,-0.026188
8.062089,-0.393091,-0.025015
8.103277,-0.389445,-0.022514
8.097905,-0.38471,-0.022998
8.141546,-0.383042,-0.019613
8.193462,-0.38923,-0.02537
8.22528,-0.392029,-0.02558
8.232893,-0.391799,-0.025051
8.275596,-0.390356,-0.021002
8.282467,-0.387988,-0.021941
8.341541,-0.389809,-0.022752
8.382362,-0.387784,-0.02218
8.401736,-0.392229,-0.020203
8.419001,-0.391006,-0.019561
8.47518,-0.393548,-0.022844
8.497402,-0.394536,-0.023122
8.524143,-0.396637,-0.024062
8.54136,-0.399612,-0.022257
8.587824,-0.399842,-0.023367
8.626943,-0.398899,-0.022653
8.667063,-0.393092,-0.01851
8.674643,-0.392901,-0.020458
8.708589,-0.395322,-0.022986
8.740242,-0.397079,-0.02368
8.761557,-0.399062,-0.023059
8.769927,-0.398832,-0.025046
8.823182,-0.40004,-0.02636
8.841075,-0.404995,-0.022512
8.828003,-0.411619,-0.022313
8.867734,-0.410555,-0.019786
8.899115,-0.399342,-0.001507
8.981246,-0.383201,0.026107
8.99803,-0.377509,0.045852
9.041107,-0.366892,0.075189
9.028707,-0.371991,0.080974
9.061733,-0.354979,0.108784
9.09157,-0.355712,0.127593
9.126598,-0.339302,0.165185
9.15494,-0.310226,0.182458
9.197784,-0.286587,0.211082
9.216194,-0.283536,0.223477
9.23548,-0.282023,0.252321
9.267754,-0.253147,0.282206
9.282153,-0.240333,0.293452
9.328421,-0.222012,0.328906
9.327261,-0.219094,0.336811
9.368556,-0.19626,0.381875
9.396375,-0.17027,0.405
9.424537,-0.14905,0.435361
9.449398,-0.118381,0.455817
9.434395,-0.117139,0.47813
9.482414,-0.079368,0.510233
9.487378,-0.075947,0.536618
9.509183,-0.052007,0.558356
9.544477,-0.027628,0.586139
9.572582,0.004836,0.612667
9.583881,0.016054,0.645521
9.598132,0.044982,0.668028
9.642726,0.088801,0.697044
9.645658,0.112072,0.725564
9.660772,0.134851,0.757686
9.662235,0.140721,0.774278
9.695778,0.185249,0.803398
9.678404,0.191334,0.831744
9.720953,0.25339,0.864269
9.71411,0.249235,0.883429
9.732312,0.273736,0.905682
9.734133,0.325902,0.941144
9.737499,0.350409,0.963825
9.750989,0.378199,0.992613
9.776487,0.421956,1.01202
9.770501,0.459048,1.048845
9.781159,0.486647,1.07152
9.797761,0.524942,1.109054
9.813955,0.543589,1.13158
9.811613,0.614982,1.1679
9.801814,0.646672,1.187791
9.803486,0.683102,1.21476
9.813066,0.73249,1.248172
9.819695,0.744668,1.279944
9.852602,0.817399,1.312006
9.840016,0.817767,1.331771
9.828804,0.845718,1.34745
9.822718,0.840924,1.386962
9.820468,0.866045,1.408557
9.8155,0.879137,1.4331
9.791271,0.929809,1.45047
9.803886,0.976774,1.495089
9.807801,1.035827,1.517185
9.805224,1.071429,1.553319
9.806736,1.111344,1.588666
9.790984,1.145095,1.613836
9.78107,1.17839,1.649901
9.771513,1.182822,1.665834
9.775823,1.251199,1.700552
9.773057,1.279287,1.71836
9.766245,1.299214,1.723489
9.726319,1.32746,1.716657
9.697247,1.322664,1.7133
9.674478,1.33148,1.709153
9.673739,1.340012,1.711255
9.645707,1.371423,1.703175
9.634982,1.39556,1.70398
9.652091,1.451376,1.722782
9.666771,1.482063,1.72689
9.678998,1.511632,1.732397
9.655949,1.547071,1.7255
9.653324,1.587373,1.727479
9.647526,1.616567,1.727417
9.64797,1.645414,1.729209
9.654634,1.68136,1.730564
9.66408,1.715133,1.728672
9.625152,1.751937,1.726811
9.618227,1.790036,1.725497
9.609274,1.804523,1.711221
9.609234,1.84488,1.72853
9.613357,1.882506,1.734477
9.620895,1.911899,1.724688
9.621515,1.940825,1.737387
9.589953,1.980185,1.724871
9.581306,2.021611,1.723536
9.578333,2.056787,1.727054
9.577695,2.095456,1.73241
9.577671,2.133048,1.7325
9.584488,2.167908,1.726563
9.571909,2.199127,1.737512
9.568856,2.245225,1.738941
9.578793,2.285863,1.734096
9.541488,2.32568,1.726547
9.528036,2.372887,1.729841
9.513742,2.408525,1.707307
9.512887,2.444633,1.704231
9.522751,2.468856,1.703601
9.54219,2.509373,1.70006
9.534092,2.551614,1.657859
9.537184,2.578056,1.646958
9.556877,2.596585,1.631851
9.55783,2.649569,1.607911
9.568939,2.68639,1.604138
9.573266,2.713226,1.600149
9.558323,2.748951,1.58336
9.56524,2.787431,1.571791
9.570465,2.828395,1.570014
9.573561,2.869948,1.571867
9.572475,2.907019,1.575957
9.570849,2.919139,1.573555
9.571551,2.984929,1.574779
9.571126,3.024167,1.573834
9.572533,3.054956,1.575738
9.574736,3.083772,1.578219
9.57032,3.083986,1.574547
9.572996,3.117939,1.577645
9.572818,3.148582,1.577299
9.577894,3.178953,1.578452
9.576608,3.203971,1.577043
9.572383,3.231248,1.577795
9.574522,3.25079,1.580867
9.589547,3.309584,1.568376
9.594343,3.341738,1.572563
9.59418,3.37801,1.572385
9.591185,3.411261,1.574022
9.591612,3.452995,1.572622
9.589076,3.48969,1.5783
9.584153,3.530194,1.577388
9.585024,3.566812,1.57911
9.579368,3.60541,1.579212
9.578077,3.620071,1.581856
9.567213,3.686379,1.579726
9.565481,3.726588,1.583129
9.56421,3.752002,1.584483
9.565533,3.75926,1.581881
9.560356,3.824945,1.580856
9.553716,3.86034,1.567107
9.544523,3.896631,1.566147
9.541398,3.925624,1.56896
9.539166,3.957219,1.56975
9.534863,3.992879,1.571857
9.534561,4.021235,1.574325
9.530452,4.043097,1.574202
9.528852,4.047079,1.575468
9.532638,4.103233,1.574666
9.527383,4.138155,1.576853
9.532207,4.172544,1.579833
9.53234,4.18247,1.580296
9.533989,4.205113,1.581611
9.530734,4.227455,1.581398
9.5308,4.258615,1.581525
9.544256,4.297992,1.571696
9.550782,4.381477,1.576377
9.557351,4.438393,1.580962
9.555632,4.473022,1.579454
9.551751,4.515349,1.582098
9.549978,4.553353,1.587322
9.547768,4.592773,1.585404
9.542489,4.618958,1.585058
9.543136,4.65185,1.585812
9.538311,4.65229,1.586518
9.536381,4.689286,1.586688
9.533841,4.712192,1.588846
9.529383,4.765777,1.588471
9.530533,4.759103,1.587772
9.530295,4.809616,1.589937
9.541458,4.819356,1.584521
9.544192,4.854509,1.58417
9.543662,4.912855,1.583998
9.546874,4.942259,1.584105
9.543989,4.972197,1.584697
9.542971,5.003006,1.58697
9.536522,5.034509,1.586771
9.536754,5.056379,1.586795
9.539281,5.080177,1.58545
9.537109,5.106176,1.585726
9.544515,5.135581,1.581694
9.543965,5.16792,1.582505
9.561132,5.213846,1.567115
9.573039,5.253644,1.567218
9.574946,5.294654,1.568744
9.573947,5.336938,1.571373
9.572605,5.372846,1.573594
9.573228,5.409442,1.57185
9.571399,5.451792,1.575586
9.565628,5.487337,1.57224
9.56065,5.529466,1.577068
9.560049,5.563067,1.574685
9.560382,5.596371,1.577143
9.556484,5.631401,1.579298
9.559533,5.66331,1.576209
9.557032,5.692381,1.580478
9.550088,5.722433,1.58173
9.553778,5.750431,1.580425
9.552449,5.783072,1.581759
9.54669,5.811553,1.583703
9.545826,5.811343,1.582892
9.548703,5.838022,1.582861
9.544518,5.866025,1.583833
9.548656,5.894827,1.584306
9.547988,5.919696,1.584684
9.547258,5.950204,1.58518
9.547114,5.976053,1.585236
9.567407,6.001899,1.567139
9.586944,6.039947,1.564521
9.592106,6.075551,1.561952
9.596277,6.113596,1.562679
9.599478,6.141359,1.565098
9.596045,6.178306,1.567613
9.590029,6.217422,1.571797
9.584496,6.27867,1.575754
9.575368,6.289002,1.578629
9.57012,6.321025,1.58118
9.560244,6.351664,1.582853
9.548671,6.388458,1.586477
9.545873,6.420096,1.586324
9.53636,6.455176,1.590574
9.532713,6.48115,1.589913
9.52275,6.508739,1.592031
9.517922,6.536106,1.591252
9.540429,6.571839,1.581362
9.555822,6.609696,1.580982
9.553437,6.645208,1.58215
9.548495,6.686284,1.584933
9.542265,6.721244,1.585523
9.532191,6.753682,1.587983
9.524493,6.776996,1.590284
9.523802,6.802723,1.590045
9.519288,6.845113,1.591597
9.507025,6.876698,1.592669
9.535687,6.909835,1.584748
9.53984,6.958588,1.583318
9.541341,6.975887,1.585272
9.527222,7.039593,1.58934
9.525182,7.043143,1.590982
9.520324,7.069286,1.590858
9.535844,7.099436,1.577939
9.542741,7.132953,1.577183
9.53715,7.162257,1.584511
9.526575,7.209978,1.587799
9.543897,7.228872,1.583338
9.543238,7.264401,1.584652
9.552425,7.285143,1.573931
9.557404,7.300902,1.574958
9.569914,7.349678,1.568064
9.575145,7.350019,1.567872
9.577705,7.367726,1.565406
9.572178,7.390676,1.566221
9.587776,7.437082,1.562126
9.591335,7.45847,1.559658
9.591389,7.452424,1.56047
9.59542,7.498501,1.559662
9.585548,7.531492,1.562105
9.57106,7.553262,1.567902
9.579895,7.589024,1.564988
9.581668,7.613757,1.563951
9.567259,7.675915,1.57318
9.554268,7.6849,1.578035
9.538908,7.731566,1.582054
9.527298,7.735542,1.582624
9.525931,7.76345,1.582759
9.528842,7.786403,1.583127
9.528623,7.798443,1.579767
9.547396,7.824879,1.570228
9.56697,7.839095,1.566359
9.571537,7.858149,1.559904
9.589375,7.864044,1.556371
9.594515,7.870077,1.55666
9.589373,7.90991,1.566531
9.561874,7.993842,1.592241
9.559591,8.028628,1.597743
9.538017,8.064754,1.622686
9.505742,8.094105,1.64436
9.518374,8.122074,1.659542
9.526099,8.145543,1.673392
9.521437,8.163795,1.703246
9.487871,8.191869,1.731264
9.476595,8.22398,1.75403
9.461765,8.254879,1.780242
9.431967,8.277881,1.806076
9.410434,8.303433,1.838774
9.398091,8.336134,1.861279
9.374514,8.390719,1.891683
9.363244,8.416925,1.921211
9.363522,8.422262,1.939492
9.359869,8.461799,1.96822
9.341129,8.483044,1.995018
9.299413,8.508103,2.025368
9.257042,8.52579,2.06146
9.235429,8.558145,2.071495
9.203548,8.577011,2.104841
9.188174,8.595065,2.126351
9.151367,8.618031,2.161403
9.12952,8.63772,2.180019
9.098648,8.659381,2.209181
9.104247,8.669936,2.221642
9.07446,8.687421,2.258039
9.067832,8.703008,2.271587
9.032116,8.72324,2.31158
9.020474,8.725978,2.320876
8.988907,8.73643,2.352599
8.977404,8.754842,2.376405
8.92963,8.774056,2.409095
8.914678,8.779219,2.427493
8.887219,8.79256,2.450348
8.85953,8.807612,2.469093
8.812871,8.819789,2.505409
8.810716,8.816182,2.527621
8.748724,8.848871,2.56113
8.728466,8.857945,2.58677
8.722649,8.851128,2.60182
8.693895,8.858337,2.634952
8.668922,8.877703,2.649128
8.602202,8.894487,2.693886
8.569059,8.890649,2.721232
8.564324,8.880275,2.739219
8.530722,8.886552,2.760947
8.49866,8.891175,2.77967
8.461596,8.891084,2.819712
8.419941,8.886712,2.845228
8.366175,8.897693,2.873796
8.325865,8.899371,2.904642
8.305841,8.889349,2.931352
8.24841,8.897928,2.957272
8.217211,8.895068,2.986204
8.220504,8.895128,3.01978
8.214272,8.893022,3.047089
8.193281,8.899795,3.071022
8.170991,8.890676,3.095019
8.135458,8.886211,3.112024
8.080923,8.874752,3.118099
8.047286,8.864497,3.124524
7.999906,8.857621,3.126252
7.971601,8.853435,3.129833
7.948255,8.853077,3.13139
7.925062,8.85324,3.135791
7.914783,8.849604,3.136303
7.896665,8.851145,3.136939
7.887432,8.849833,3.135028
7.875848,8.850386,3.136445
7.820683,8.84108,3.126757
7.768656,8.840086,3.129311
7.735309,8.840722,3.132246
7.721918,8.841536,3.132363
7.699003,8.841762,3.132596
7.667691,8.842841,3.134562
7.653359,8.844494,3.135866
7.630912,8.846366,3.136842
7.614971,8.849533,3.135043
7.558472,8.840359,3.127541
7.516306,8.838109,3.1285
7.457093,8.841259,3.133081
7.457581,8.842282,3.129753
7.434183,8.845278,3.13412
7.407581,8.848476,3.13426
7.38564,8.847446,3.134576
7.353291,8.850042,3.138206
7.324794,8.852856,3.13739
7.299697,8.854678,3.139015
7.24807,8.857974,-3.139578
7.248739,8.856955,-3.140387
7.199122,8.859057,-3.138021
7.151626,8.848958,3.13148
7.123667,8.842807,3.127145
7.08192,8.842965,3.132099
7.040958,8.846481,3.133943
6.981193,8.850176,3.137701
6.957167,8.852715,3.137843
6.938031,8.854814,3.141147
6.941631,8.855424,3.141395
6.885783,8.857448,3.141546
6.864461,8.861624,-3.139868
6.831453,8.861364,-3.13662
6.798939,8.862288,-3.137873
6.766534,8.866334,-3.136382
6.722734,8.864048,-3.136341
6.677458,8.866545,-3.133846
6.666907,8.867241,-3.136333
6.60835,8.857586,3.128472
6.524463,8.853079,3.131162
6.489543,8.854502,3.132967
6.421638,8.852822,3.136487
6.391621,8.851736,3.135257
6.379832,8.851796,3.135082
6.356117,8.853736,3.135119
6.309174,8.855488,3.135335
6.290522,8.855832,3.135959
6.300178,8.854289,3.136578
6.274814,8.855866,3.135802
6.254616,8.856348,3.139648
6.229193,8.859416,3.136417
6.208859,8.862244,3.139365
6.182667,8.865945,3.13791
6.160299,8.868243,3.139846
6.151801,8.868374,3.141062
6.102964,8.869841,-3.139747
6.098912,8.870116,3.140732
6.075569,8.871201,3.141582
6.037499,8.871984,-3.137987
6.019386,8.874494,-3.13832
5.986457,8.876542,-3.13886
5.960541,8.874905,-3.135428
5.937412,8.872425,-3.137121
5.889255,8.872031,-3.135639
5.829583,8.87462,-3.133427
5.766502,8.866517,3.13132
5.698603,8.867986,-3.135438
5.649886,8.862755,3.131014
5.623177,8.858261,3.130803
5.561464,8.858017,3.131724
5.506299,8.857016,3.131239
5.453737,8.855953,3.129753
5.414261,8.854564,3.132636
5.354157,8.855135,3.13458
5.300605,8.854702,3.134065
5.258967,8.855273,3.134903
5.215101,8.855081,3.13681
5.168192,8.858027,3.137398
5.156183,8.856856,3.134684
5.096234,8.857659,3.134881
5.092138,8.857941,3.136229
5.040053,8.855756,3.135509
5.047421,8.855341,3.13824
4.988128,8.85815,3.137374
4.989612,8.859804,3.135349
4.922343,8.858758,3.135407
4.894545,8.856471,3.135789
4.896333,8.857257,3.135271
4.850987,8.856053,3.136037
4.851801,8.85837,3.135248
4.823986,8.855649,3.134311
4.793421,8.856261,3.133045
4.785041,8.858822,3.134009
4.774791,8.858272,3.136149
4.757554,8.860159,3.133222
4.716532,8.860486,3.132609
4.703422,8.861424,3.132839
4.680788,8.864767,3.135049
4.656145,8.8679,3.132897
4.664112,8.869244,3.132341
4.615197,8.871943,3.135968
4.598624,8.873388,3.134578
4.581319,8.874315,3.135874
4.574896,8.875044,3.131996
4.560311,8.876404,3.135287
4.540789,8.874514,3.136487
4.51087,8.872182,3.14149
4.481828,8.870226,3.139042
4.460227,8.870389,-3.141337
4.424456,8.868142,3.14096
4.401591,8.867528,3.138848
4.360182,8.866851,-3.14036
4.308973,8.865546,-3.140417
4.247638,8.862085,-3.138459
4.160563,8.860824,-3.136218
4.091607,8.858123,-3.135006
4.026507,8.85719,-3.133107
3.971713,8.856848,-3.13254
3.932614,8.859111,3.134245
3.901267,8.857477,3.133409
3.870419,8.859635,3.136967
3.838429,8.858341,3.135341
3.799681,8.85812,3.135688
3.77398,8.859793,3.134443
3.764153,8.862889,3.133097
3.711857,8.860011,3.136076
3.699372,8.858246,3.135743
3.678047,8.857154,3.133769
3.628291,8.86158,3.134882
3.617459,8.860489,3.137424
3.555957,8.857457,3.135168
3.492113,8.856749,3.136866
3.451027,8.857236,3.136954
3.406564,8.855805,3.137677
3.357259,8.85829,3.137973
3.307169,8.856687,3.137228
3.257244,8.859163,3.137821
3.257313,8.859069,3.134965
3.231645,8.858759,3.135984
3.157935,8.861113,3.136201
3.127749,8.858551,3.136412
3.081852,8.86046,3.138865
3.078268,8.860024,3.137212
3.008013,8.859562,3.13778
2.983765,8.859402,3.137373
2.955882,8.858705,3.138838
2.959317,8.857937,3.136792
2.900648,8.859656,3.138509
2.904676,8.861333,3.135265
2.851138,8.859909,3.136638
2.851413,8.859894,3.13643
2.823365,8.860002,3.139547
2.8024,8.858406,3.138779
2.765166,8.861393,3.138495
2.741973,8.864283,3.138492
2.736441,8.861003,3.136091
2.716041,8.863051,3.136904
2.682625,8.863546,3.1367
2.663052,8.862896,3.13687
2.634752,8.86317,3.134851
2.596044,8.861721,3.135509
2.558442,8.861208,3.137023
2.507196,8.860133,3.138163
2.502493,8.860023,3.137904
2.443026,8.861411,3.138111
2.387579,8.859339,3.137891
2.349161,8.858676,3.137355
2.315505,8.860853,3.13887
2.30569,8.860616,3.137152
2.233665,8.864137,3.138115
2.196179,8.864513,3.138133
2.159656,8.862134,3.138091
2.134076,8.864048,3.135822
2.09629,8.867216,3.136901
2.099648,8.865153,3.136748
2.066301,8.864398,3.137153
2.008837,8.864774,3.137658
2.004148,8.863485,3.135433
1.976242,8.865502,3.136556
1.94497,8.863126,3.13743
1.909911,8.863834,3.137528
1.845523,8.861312,3.136024
1.83316,8.859308,3.136676
1.796624,8.861076,3.137471
1.776223,8.862354,3.136987
1.744811,8.860692,3.137524
1.703885,8.861637,3.135826
1.654465,8.862811,3.13804
1.612368,8.863294,3.137271
1.587712,8.862084,3.136271
1.54464,8.865106,3.138408
1.522892,8.866576,3.138209
1.483334,8.864249,3.138565
1.463534,8.863636,3.13642
1.419166,8.866298,3.137649
1.388415,8.864718,3.138888
1.36217,8.869217,3.137454
1.331155,8.869252,3.138925
1.318786,8.865652,3.13691
1.302267,8.867706,3.137073
1.275026,8.866331,3.139035
1.245637,8.865417,3.139084
1.218571,8.865882,3.137272
1.181442,8.868563,3.137539
1.137068,8.871437,3.135873
1.105278,8.871153,3.135295
1.084839,8.870003,3.139046
1.049466,8.868523,3.138079
1.023262,8.867856,3.138669
0.961284,8.866853,3.139267
0.961564,8.868953,3.139738
0.921978,8.868653,3.138174
0.89105,8.868609,3.138752
0.834567,8.867725,3.141136
0.82771,8.865977,3.138604
0.766739,8.867563,3.138811
0.735634,8.871179,3.135814
0.70492,8.872514,3.13816
0.661969,8.872376,3.138012
0.631802,8.870782,3.135755
0.62325,8.871269,3.138095
0.552969,8.869279,3.137905
0.538442,8.871285,3.138647
0.51609,8.8715,3.138057
0.483812,8.87078,3.138958
0.473027,8.870068,3.139164
0.419243,8.868887,3.139656
0.367135,8.870433,3.139906
0.337805,8.871477,3.138947
0.349713,8.870065,3.140168
0.318154,8.870158,3.139253
0.340073,8.869418,3.141572
0.268538,8.870519,3.137541
0.260534,8.874478,3.136154
0.205168,8.875464,3.139286
0.173118,8.873204,3.138613
0.145333,8.872377,3.139519
0.129831,8.871825,3.138872
0.128206,8.874425,3.139872
0.101255,8.875933,3.140154
0.104404,8.874568,3.139428
0.084185,8.873692,3.137911
0.067417,8.873761,3.139566
0.074393,8.874563,3.140188
0.054234,8.873184,3.140951
0.016977,8.872701,3.140073
0.007681,8.874762,3.138737
-0.023169,8.877492,3.139903
-0.025975,8.876889,-3.141373
-0.049435,8.878128,-3.141339
-0.067578,8.875626,3.140716
-0.105934,8.874896,3.140746
-0.119879,8.877752,3.139366
-0.129938,8.876177,3.141556
-0.159277,8.876747,3.140485
-0.182094,8.877625,3.139969
-0.168719,8.879548,3.137981
-0.17649,8.880897,3.138497
-0.193351,8.878529,3.139548
-0.215885,8.877554,3.138856
-0.246295,8.875499,3.139295
-0.279599,8.872411,3.140514
-0.310691,8.870881,3.138846
-0.324699,8.872295,3.140143
-0.365487,8.873256,3.139955
-0.412004,8.872904,3.139554
-0.419081,8.874538,3.140578
-0.441343,8.873116,3.137771
-0.44024,8.874376,3.138656
-0.46251,8.873279,3.139728
-0.465769,8.874838,3.139788
-0.506706,8.873605,3.139027
-0.53012,8.871189,3.138777
-0.57946,8.871381,3.138672
-0.603757,8.87417,3.139612
-0.564346,8.873483,-3.140804
-0.59256,8.874434,3.138249
-0.657566,8.874686,3.139793
-0.664913,8.874162,3.140291
-0.705342,8.875774,3.139077
-0.718587,8.874243,-3.141358
-0.779261,8.873954,3.139461
-0.853261,8.875301,3.138528
-0.859028,8.876824,3.139726
-0.886301,8.875208,3.13865
-0.932194,8.874745,3.139581
-0.994716,8.876664,3.139022
-1.033064,8.871135,3.140233
-1.06473,8.870545,3.141085
-1.123002,8.871925,3.138655
-1.208682,8.87387,3.140101
-1.212042,8.874092,3.139921
-1.271496,8.871663,3.139508
-1.300272,8.872514,3.138823
-1.319705,8.872603,3.139755
-1.375041,8.873153,3.137276
-1.36695,8.874162,3.139588
-1.445628,8.872946,3.139766
-1.472223,8.876044,3.139724
-1.509153,8.875621,3.138957
-1.553851,8.875404,3.137381
-1.575475,8.873928,3.139064
-1.614597,8.872516,3.141124
-1.659689,8.871398,3.138797
-1.68407,8.874866,-3.141314
-1.698151,8.874523,3.139429
-1.731028,8.874709,3.140525
-1.773322,8.875616,3.138655
-1.791314,8.874597,3.140221
-1.81696,8.876992,-3.140393
-1.83794,8.878018,3.138337
-1.90611,8.876484,3.140017
-1.950619,8.878892,3.138727
-1.974791,8.876476,3.139668
-2.017241,8.877934,3.141007
-2.060326,8.880823,3.13773
-2.08672,8.87728,3.140185
-2.119007,8.876407,3.13962
-2.168992,8.875421,3.140745
-2.213472,8.87599,3.140324
-2.237424,8.877263,3.140166
-2.271866,8.877066,3.140526
-2.322741,8.878644,3.140533
-2.339847,8.877434,3.139235
-2.388731,8.877998,3.139533
-2.4146,8.878625,3.139165
-2.437006,8.878032,3.14015
-2.460685,8.878233,3.141527
-2.472325,8.877794,3.139952
-2.502025,8.878576,3.140342
-2.489218,8.877446,3.139081
-2.511217,8.879864,3.138576
-2.526239,8.878125,3.139468
-2.566464,8.878331,3.141448
-2.531538,8.879419,3.141266
-2.57575,8.88063,-3.141517
-2.564668,8.881586,3.140292
-2.631459,8.884023,-3.141368
-2.643967,8.884915,3.140478
-2.66683,8.884451,3.140853
-2.712452,8.882695,-3.141517
-2.728337,8.884021,3.141069
-2.734291,8.885751,3.139714
-2.741484,8.883425,3.140003
-2.70372,8.881647,-3.140922
-2.713862,8.880978,-3.140917
-2.737982,8.882096,3.140477
-2.754157,8.884355,3.140399
-2.754044,8.886291,-3.140575
-2.77538,8.884615,3.141429
-2.814959,8.884721,3.140356
-2.854323,8.88551,3.141398
-2.888971,8.885429,3.138691
-2.912935,8.882729,-3.140756
-2.907816,8.885356,-3.1404
-2.930525,8.884382,3.140645
-2.976807,8.88174,3.139055
-3.039772,8.88221,-3.140947
-3.104252,8.884145,3.139947
-3.166907,8.887029,-3.140561
-3.238054,8.886423,3.141226
-3.256216,8.885491,3.140586
-3.342704,8.885621,3.139159
-3.396783,8.88909,3.139471
-3.415336,8.890163,3.139605
-3.4862,8.892053,3.14016
-3.480202,8.890374,-3.141256
-3.52763,8.888304,3.138875
-3.563055,8.889275,3.141367
-3.662821,8.886977,3.140497
-3.759875,8.884633,-3.14148
-3.812561,8.883992,3.141293
-3.826871,8.886899,3.140279
-3.88194,8.892086,3.141182
-3.978337,8.88984,3.141084
-4.027659,8.889684,3.138808
-3.998918,8.889958,3.141078
-4.094933,8.890084,-3.139759
-4.14923,8.887574,-3.138627
-4.296808,8.888734,3.140394
-4.355856,8.890125,3.140598
-4.406991,8.891283,3.140673
-4.468686,8.889343,3.141528
-4.536837,8.889766,3.140678
-4.571828,8.888771,3.140459
-4.618592,8.887043,3.140525
-4.671055,8.887469,3.140936
-4.704253,8.886907,-3.140531
-4.74572,8.88715,-3.14143
-4.785996,8.88503,-3.140654
-4.839779,8.88582,-3.140916
-4.916934,8.887427,-3.141259
-4.982416,8.888748,3.141182
-5.045937,8.88595,3.141352
-5.096562,8.885229,3.141014
-5.140332,8.884664,3.141234
-5.170943,8.886038,3.140312
-5.242833,8.884745,3.140356
-5.280445,8.886264,3.140182
-5.311536,8.882988,-3.140693
-5.34622,8.885107,3.140632
-5.393323,8.882031,3.141582
-5.425643,8.883982,-3.14157
-5.421521,8.886546,-3.141438
-5.459199,8.888167,3.139648
-5.530651,8.888933,-3.140485
-5.537053,8.889891,-3.140299
-5.574151,8.887955,-3.141253
-5.621797,8.88596,-3.141157
-5.692435,8.885614,-3.139994
-5.691916,8.885702,-3.140859
-5.737915,8.887028,-3.140725
-5.780659,8.88678,3.140596
-5.778272,8.885586,-3.141087
-5.82933,8.884357,-3.140975
-5.857746,8.887737,-3.14123
-5.89549,8.88723,-3.140633
-5.925556,8.888628,-3.140137
-5.953118,8.887008,-3.14138
-5.986435,8.889732,3.141092
-6.025112,8.886889,-3.139326
-6.06578,8.889043,-3.141181
-6.062812,8.889427,-3.141159
-6.128659,8.891115,-3.141371
-6.145795,8.892713,3.14158
-6.16428,8.893966,-3.140893
-6.195003,8.892129,-3.140187
-6.217261,8.894234,-3.137737
-6.261029,8.89158,-3.13874
-6.291133,8.891432,-3.139128
-6.321166,8.892195,-3.139518
-6.334698,8.894395,-3.138036
-6.390846,8.892506,-3.140408
-6.395488,8.892873,-3.137909
-6.434285,8.892186,-3.1401
-6.470058,8.89146,-3.136823
-6.485734,8.890664,-3.139158
-6.512897,8.889998,-3.139232
-6.579355,8.890881,-3.13929
-6.600954,8.89158,-3.139108
-6.627606,8.890474,-3.138006
-6.661867,8.895531,-3.137462
-6.704411,8.894001,-3.13743
-6.737142,8.89256,-3.137203
-6.776916,8.893328,-3.137728
-6.798048,8.895481,-3.136351
-6.839526,8.892384,-3.13872
-6.870301,8.892643,-3.138055
-6.911313,8.895387,-3.137642
-6.953204,8.893937,-3.139672
-7.001386,8.893947,-3.139818
-7.029615,8.896247,-3.139019
-7.068601,8.896161,-3.137317
-7.103188,8.893843,-3.139331
-7.132435,8.897707,-3.138482
-7.17291,8.898725,-3.139818
-7.215508,8.898462,-3.140949
-7.244286,8.899235,-3.139055
-7.27306,8.901435,-3.139806
-7.295651,8.903075,3.141322
-7.328455,8.900909,3.141321
-7.37153,8.900272,-3.140947
-7.4043,8.89753,-3.138937
-7.428393,8.897222,-3.140651
-7.453536,8.897249,3.140411
-7.485309,8.898803,-3.141001
-7.488851,8.902675,3.141322
-7.547113,8.901147,-3.140872
-7.57685,8.899797,-3.141483
-7.603644,8.902741,-3.14097
-7.636225,8.903409,-3.141151
-7.665199,8.903696,-3.140299
-7.693807,8.905952,3.140528
-7.71497,8.906515,3.141068
-7.717307,8.906568,3.127517
-7.772009,8.909572,3.126444
-7.800785,8.90624,3.127592
-7.838833,8.904793,3.125687
-7.885363,8.909369,3.126156
-7.934757,8.913945,3.126877
-7.979536,8.917711,3.126345
-8.037829,8.919388,3.128823
-8.086293,8.920545,3.127929
-8.141328,8.922548,3.128628
-8.195675,8.925006,3.131507
-8.251297,8.924001,3.132994
-8.297821,8.920157,3.134168
-8.342904,8.919149,3.134737
-8.377828,8.918946,3.136247
-8.413421,8.915179,3.134854
-8.436982,8.913002,3.136014
-8.459997,8.913813,3.136114
-8.483891,8.913175,3.134624
-8.506447,8.90955,3.133881
-8.525792,8.90877,3.133843
-8.545116,8.908156,3.136559
-8.560448,8.906995,3.135394
-8.588219,8.905892,3.13437
-8.616615,8.903419,3.134578
-8.639905,8.905004,3.133349
-8.655165,8.906106,3.133418
-8.681001,8.904202,3.135396
-8.707066,8.902039,3.13571
-8.742137,8.90066,3.135613
-8.767901,8.900104,3.135296
-8.776607,8.900572,3.134579
-8.838333,8.901131,3.132825
-8.854702,8.901213,3.134811
-8.863297,8.901111,3.136132
-8.916179,8.901456,3.134936
-8.911884,8.898578,3.133791
-8.940556,8.898737,3.137268
-8.952727,8.899537,3.135524
-9.023529,8.899396,3.137905
-9.025823,8.903665,3.135083
-9.057689,8.9004,3.137827
-9.090909,8.896982,3.13952
-9.1283,8.894086,3.139075
-9.148279,8.892576,3.140447
-9.204281,8.891426,3.140544
-9.234236,8.888613,3.14113
-9.264524,8.887236,-3.139215
-9.283562,8.885784,-3.138628
-9.312194,8.884475,-3.137968
-9.345064,8.882527,-3.136904
-9.382191,8.884209,-3.138658
-9.421643,8.888805,-3.137749
-9.424222,8.88605,-3.135889
-9.471356,8.885876,-3.136314
-9.4806,8.896224,3.129655
-9.510933,8.899782,3.127925
-9.578173,8.902121,3.12854
-9.599273,8.906082,3.127975
-9.694352,8.909607,3.132683
-9.727225,8.909943,3.128984
-9.811396,8.908339,3.133399
-9.873166,8.905352,3.137221
-9.923118,8.904067,3.139588
-9.961505,8.901724,3.14077
-9.975883,8.900811,3.140101
-10.011295,8.894183,-3.13922
-10.064042,8.890407,-3.13903
-10.063025,8.887216,-3.136013
-10.107838,8.884805,-3.136307
-10.092453,8.886079,-3.136745
-10.114069,8.8889,-3.139194
-10.134435,8.888527,-3.138085
-10.156946,8.887063,-3.13705
-10.209613,8.885348,-3.135544
-10.235501,8.88196,-3.134738
-10.256526,8.882759,-3.135402
-10.285495,8.885125,-3.137514
-10.29246,8.884061,-3.13652
-10.318381,8.880444,-3.134018
-10.353124,8.88253,-3.136327
-10.382635,8.882092,-3.134167
-10.399293,8.882383,-3.132189
-10.445087,8.880393,-3.132864
-10.495035,8.890801,3.138311
-10.52129,8.899758,3.137557
-10.595191,8.900717,3.137656
-10.651094,8.902892,3.139608
-10.679802,8.901391,3.141544
-10.71446,8.902146,-3.138099
-10.776145,8.897372,-3.134772
-10.779882,8.892888,-3.136624
-10.833848,8.889411,-3.134614
-10.859178,8.888012,-3.133431
-10.885573,8.884187,-3.131947
-10.912083,8.88186,-3.13181
-10.937268,8.880076,-3.131138
-10.949137,8.881144,-3.129494
-10.972242,8.877399,-3.130058
-10.999993,8.878583,-3.128409
-11.075586,8.887837,-3.140022
-11.124584,8.894106,-3.13885
-11.173583,8.896888,-3.14058
-11.218258,8.896507,-3.138963
-11.255563,8.892531,-3.136124
-11.287348,8.891398,-3.133469
-11.31738,8.889528,-3.130679
-11.329612,8.888809,-3.131262
-11.353179,8.887003,-3.131395
-11.381801,8.883371,-3.131042
-11.399335,8.88119,-3.128274
-11.454687,8.89171,-3.14004
-11.498733,8.897331,3.140769
-11.528728,8.901663,-3.140932
-11.561439,8.904282,-3.141511
-11.570907,8.906014,3.141069
-11.611426,8.903017,-3.138203
-11.628445,8.901459,-3.13839
-11.641271,8.901636,-3.135499
-11.662803,8.900958,-3.135309
-11.679055,8.900112,-3.133042
-11.743198,8.901618,-3.140676
-11.798015,8.901231,-3.138319
-11.832385,8.89779,-3.134387
-11.860395,8.896942,-3.135057
-11.884589,8.893333,-3.132604
-11.897441,8.894363,-3.135232
-11.913472,8.892185,-3.134068
-11.963671,8.896572,-3.141229
-12.011637,8.901402,-3.136398
-12.044673,8.899181,-3.134831
-12.068706,8.89316,-3.134618
-12.091954,8.888065,-3.129885
-12.126586,8.88442,-3.13136
-12.134973,8.881101,-3.130326
-12.198185,8.885368,-3.132895
-12.230302,8.885882,-3.131239
-12.259135,8.878581,-3.129039
-12.275731,8.874475,-3.12783
-12.309001,8.875064,-3.127293
-12.358889,8.877645,-3.132432
-12.387627,8.879768,-3.130247
-12.410078,8.87847,-3.131683
-12.433549,8.869698,-3.126483
-12.491629,8.86953,-3.130751
-12.524602,8.870789,-3.128523
-12.543334,8.868622,-3.127722
-12.604019,8.86678,-3.12687
-12.64163,8.863338,-3.123404
-12.66899,8.861728,-3.122322
-12.728116,8.857348,-3.120214
-12.758174,8.857544,-3.117864
-12.761881,8.858536,-3.11984
-12.774892,8.859018,-3.12106
-12.813417,8.858332,-3.117671
-12.845505,8.858341,-3.114368
-12.871979,8.858421,-3.100158
-12.900796,8.855929,-3.081063
-12.956725,8.848998,-3.060391
-12.960514,8.860299,-3.051464
-12.98325,8.853309,-3.021458
-13.022021,8.83652,-2.983847
-13.054333,8.816041,-2.955066
-13.064967,8.806828,-2.933213
-13.120318,8.787099,-2.9047
-13.147617,8.77766,-2.877022
-13.139199,8.763397,-2.849925
-13.18063,8.74023,-2.815222
-13.206993,8.722135,-2.793852
-13.220144,8.71433,-2.767943
-13.270095,8.681891,-2.733886
-13.290306,8.666675,-2.705458
-13.314803,8.648443,-2.677627
-13.357524,8.603011,-2.637383
-13.386459,8.575264,-2.606571
-13.395323,8.563309,-2.596072
-13.40457,8.539875,-2.553633
-13.406176,8.519308,-2.53077
-13.451866,8.504345,-2.50284
-13.435082,8.499413,-2.486992
-13.487149,8.441944,-2.439746
-13.505396,8.408283,-2.404331
-13.512388,8.354332,-2.373405
-13.540603,8.317119,-2.34558
-13.563625,8.310343,-2.337026
-13.585768,8.282762,-2.283497
-13.604596,8.248447,-2.266306
-13.621652,8.205629,-2.230945
-13.63194,8.18599,-2.230376
-13.644531,8.160967,-2.185358
-13.658493,8.130469,-2.17468
-13.659785,8.115827,-2.150437
-13.662391,8.096544,-2.124425
-13.688523,8.034218,-2.077311
-13.699792,8.006971,-2.05833
-13.718887,7.970051,-2.023646
-13.69292,7.96609,-2.009841
-13.695675,7.917863,-1.975755
-13.691522,7.89175,-1.968936
-13.706904,7.82108,-1.925234
-13.716654,7.819881,-1.915341
-13.712284,7.774792,-1.871795
-13.686226,7.73869,-1.851374
-13.689031,7.700391,-1.825012
-13.706493,7.689562,-1.808199
-13.712236,7.659091,-1.764909
-13.679205,7.667965,-1.752124
-13.675325,7.64392,-1.727779
-13.698443,7.62651,-1.705137
-13.688827,7.602134,-1.691215
-13.677242,7.579505,-1.652796
-13.672134,7.513855,-1.623452
-13.670544,7.504977,-1.611762
-13.661566,7.465278,-1.58983
-13.643,7.419951,-1.546726
-13.638748,7.420086,-1.538427
-13.644995,7.395889,-1.524547
-13.647328,7.377463,-1.518326
-13.626448,7.323636,-1.504554
-13.634513,7.280307,-1.49973
-13.639326,7.243467,-1.495514
-13.617496,7.199534,-1.505622
-13.608354,7.18546,-1.506342
-13.605232,7.156738,-1.50495
-13.626114,7.124284,-1.50027
-13.636545,7.103531,-1.495351
-13.61935,7.057495,-1.514539
-13.61544,7.009717,-1.517755
-13.617348,6.965409,-1.515209
-13.645384,6.925642,-1.507382
-13.666636,6.893823,-1.501027
-13.648317,6.858844,-1.513306
-13.642867,6.820587,-1.511528
-13.631478,6.765994,-1.49911
-13.634457,6.698604,-1.4946
-13.641172,6.666569,-1.491331
-13.644986,6.644819,-1.489883
-13.647798,6.628305,-1.488045
-13.649988,6.637593,-1.487858
-13.624756,6.580197,-1.498379
-13.613991,6.55371,-1.499568
-13.609566,6.527717,-1.499979
-13.60451,6.503569,-1.500316
-13.610952,6.479059,-1.501815
-13.621275,6.419306,-1.493209
-13.629441,6.373434,-1.490517
-13.629486,6.330531,-1.48872
-13.601828,6.270754,-1.502947
-13.588935,6.274041,-1.505075
-13.583746,6.228182,-1.504217
-13.585288,6.20401,-1.50166
-13.568298,6.160474,-1.494697
-13.563464,6.124514,-1.495824
-13.570216,6.097158,-1.496054
-13.580516,6.081392,-1.501971
-13.589116,6.024841,-1.497585
-13.591932,6.003616,-1.496688
-13.597725,5.992253,-1.495719
-13.593593,5.959957,-1.487115
-13.591813,5.945659,-1.485929
-13.566884,5.892174,-1.508738
-13.555055,5.851303,-1.511251
-13.555881,5.819799,-1.50663
-13.551304,5.796783,-1.49766
-13.549551,5.743738,-1.495683
-13.554462,5.7052,-1.503833
-13.555443,5.683114,-1.499786
-13.554642,5.664043,-1.500555
-13.543572,5.635666,-1.493314
-13.543614,5.611522,-1.491862
-13.552465,5.57977,-1.499085
-13.528063,5.535609,-1.49647
-13.529681,5.502925,-1.494448
-13.543087,5.483814,-1.496186
-13.54072,5.458031,-1.495803
-13.536288,5.435817,-1.496235
-13.530342,5.405308,-1.495288
-13.539076,5.360349,-1.494052
-13.541802,5.339705,-1.494131
-13.52919,5.293911,-1.494549
-13.537036,5.276572,-1.495319
-13.516768,5.251835,-1.504464
-13.504622,5.232034,-1.50356
-13.499415,5.190032,-1.509391
-13.49676,5.156902,-1.503832
-13.494387,5.103919,-1.512377
-13.490599,5.092278,-1.505418
-13.488455,5.032478,-1.508231
-13.490624,5.028093,-1.507073
-13.489633,4.991598,-1.505437
-13.490419,4.961271,-1.504942
-13.490703,4.927973,-1.505389
-13.493016,4.895891,-1.50744
-13.490183,4.869127,-1.506625
-13.491858,4.834788,-1.50273
-13.486928,4.794512,-1.50396
-13.485311,4.762157,-1.505678
-13.482813,4.72865,-1.506796
-13.480663,4.693794,-1.506021
-13.485022,4.663541,-1.503597
-13.482118,4.628803,-1.506123
-13.482789,4.597482,-1.505226
-13.48308,4.564498,-1.504199
-13.47912,4.53701,-1.503694
-13.482391,4.505672,-1.506016
-13.477742,4.472778,-1.503902
-13.478429,4.436669,-1.50409
-13.47408,4.405304,-1.501733
-13.471252,4.370763,-1.500385
-13.466534,4.336346,-1.500847
-13.463088,4.309758,-1.499705
-13.464156,4.276689,-1.498191
-13.459898,4.242214,-1.499086
-13.457925,4.209918,-1.497818
-13.454698,4.17059,-1.495921
-13.452019,4.132792,-1.498188
-13.452017,4.098477,-1.497198
-13.44552,4.062542,-1.497707
-13.442023,4.030987,-1.497378
-13.442751,4.02469,-1.495528
-13.446019,3.993,-1.509197
-13.443025,3.958225,-1.509559
-13.439652,3.904896,-1.507977
-13.439104,3.896945,-1.5082
-13.435515,3.864561,-1.510078
-13.429938,3.829745,-1.510095
-13.429316,3.802211,-1.507694
-13.421699,3.750775,-1.508635
-13.420583,3.749425,-1.50635
-13.414865,3.694388,-1.507041
-13.414198,3.691483,-1.505624
-13.406629,3.656569,-1.50556
-13.404644,3.594276,-1.50387
-13.403337,3.568999,-1.506693
-13.418693,3.544823,-1.525166
-13.429589,3.526049,-1.535471
-13.437147,3.501187,-1.54574
-13.432878,3.468944,-1.545609
-13.437551,3.430482,-1.566111
-13.443635,3.403415,-1.593615
-13.455987,3.359696,-1.622465
-13.466897,3.331801,-1.64572
-13.470766,3.300359,-1.65082
-13.470327,3.303243,-1.657411
-13.468435,3.270485,-1.662644
-13.471887,3.230092,-1.65842
-13.489315,3.189494,-1.684228
-13.502725,3.160488,-1.683767
-13.502434,3.128493,-1.689349
-13.518468,3.086367,-1.681016
-13.529112,3.059019,-1.678662
-13.520963,3.027663,-1.687191
-13.518999,2.985049,-1.681323
-13.52725,2.975531,-1.676297
-13.53689,2.952002,-1.677398
-13.521975,2.921108,-1.679857
-13.518184,2.876262,-1.678538
-13.528389,2.848697,-1.671577
-13.528814,2.850201,-1.67184
-13.52986,2.809336,-1.665641
-13.522378,2.774315,-1.677363
-13.521638,2.750971,-1.676229
-13.52975,2.739486,-1.671858
-13.540134,2.70372,-1.672646
-13.549668,2.676149,-1.671444
-13.538093,2.637797,-1.673485
-13.535808,2.586358,-1.672616
-13.550898,2.560528,-1.689775
-13.5773,2.518717,-1.687355
-13.590803,2.482425,-1.686752
-13.594255,2.448522,-1.6848
-13.594799,2.445147,-1.685235
-13.590376,2.39819,-1.679364
-13.58692,2.378348,-1.677736
-13.579895,2.354835,-1.691766
-13.584876,2.298759,-1.678358
-13.58524,2.250062,-1.677198
-13.582657,2.206489,-1.670681
-13.584027,2.180006,-1.674908
-13.614197,2.142502,-1.689112
-13.625578,2.108353,-1.690498
-13.625352,2.082886,-1.6872
-13.624669,2.049593,-1.684769
-13.619767,2.01961,-1.683163
-13.627609,1.975494,-1.66886
-13.627304,1.961727,-1.669761
-13.622616,1.912141,-1.667854
-13.619787,1.914169,-1.666009
-13.640233,1.844835,-1.694273
-13.64001,1.830224,-1.696697
-13.641043,1.774279,-1.694418
-13.639403,1.744854,-1.695389
-13.63684,1.717552,-1.693173
-13.634826,1.691217,-1.692663
-13.649328,1.683964,-1.708429
-13.659452,1.653055,-1.706984
-13.682123,1.604423,-1.692415
-13.685222,1.55946,-1.692228
-13.678708,1.529427,-1.688047
-13.681505,1.502683,-1.687148
-13.677511,1.475537,-1.680816
-13.69949,1.438815,-1.692097
-13.706864,1.40808,-1.692578
-13.702697,1.387613,-1.691855
-13.704455,1.341004,-1.689995
-13.707403,1.35158,-1.692807
-13.736542,1.302876,-1.701023
-13.745198,1.310755,-1.703187
-13.739809,1.265234,-1.698271
-13.742481,1.249253,-1.697639
-13.748843,1.217962,-1.708472
-13.747064,1.192838,-1.703767
-13.749901,1.146797,-1.681204
-13.750675,1.07737,-1.680008
-13.727403,1.019018,-1.668072
-13.71129,0.943144,-1.663092
-13.691634,0.897319,-1.666135
-13.683444,0.882766,-1.66474
-13.680539,0.834817,-1.65829
-13.716718,0.798483,-1.655373
-13.74157,0.782222,-1.654592
-13.751703,0.771355,-1.649307
-13.73519,0.757505,-1.625994
-13.712268,0.721426,-1.597938
-13.684317,0.69193,-1.558209
-13.676138,0.667815,-1.540278
-13.687165,0.634164,-1.500564
-13.673306,0.614327,-1.491915
-13.659416,0.59913,-1.450524
-13.648525,0.564874,-1.439081
-13.581852,0.498395,-1.405108
-13.614291,0.478888,-1.376497
-13.585258,0.431513,-1.336609
-13.546228,0.400802,-1.319812
-13.514188,0.370651,-1.289554
-13.545436,0.369613,-1.271448
-13.532408,0.311396,-1.230228
-13.483006,0.284275,-1.203829
-13.466402,0.285879,-1.183374
-13.461704,0.250102,-1.157192
-13.421413,0.196967,-1.123215
-13.402685,0.181283,-1.096538
-13.399784,0.152714,-1.071776
-13.38081,0.132662,-1.036483
-13.335818,0.107816,-1.009118
-13.314568,0.076228,-0.967744
-13.253714,0.061725,-0.92679
-13.239992,0.052174,-0.896423
-13.217545,0.01748,-0.867663
-13.191774,0.000572,-0.853093
-13.151588,-0.021902,-0.831434
-13.138772,-0.018171,-0.809186
-13.09857,-0.05241,-0.765513
-13.064319,-0.06742,-0.744054
-13.04866,-0.0749,-0.720471
-13.037378,-0.078201,-0.705103
-13.023641,-0.091351,-0.671401
-12.977578,-0.111686,-0.627669
-12.967655,-0.107783,-0.610868
-12.941423,-0.108438,-0.589317
-12.872515,-0.127367,-0.558883
-12.822352,-0.1514,-0.50892
-12.788811,-0.165672,-0.486081
-12.758269,-0.179325,-0.452232
-12.735353,-0.169611,-0.431604
-12.697915,-0.164678,-0.405527
-12.686355,-0.172478,-0.368925
-12.658464,-0.178894,-0.346109
-12.60605,-0.194043,-0.303183
-12.574276,-0.198731,-0.280781
-12.543987,-0.191098,-0.25807
-12.521285,-0.184996,-0.225891
-12.465602,-0.185557,-0.196455
-12.414869,-0.186406,-0.185997
-12.376517,-0.188981,-0.167869
-12.344435,-0.194338,-0.158152
-12.328553,-0.196775,-0.154451
-12.316586,-0.20252,-0.149532
-12.288235,-0.198519,-0.156959
-12.254845,-0.199574,-0.156207
-12.23451,-0.195913,-0.156948
-12.213341,-0.201518,-0.153887
-12.196548,-0.204103,-0.153451
-12.183513,-0.209637,-0.151878
-12.171288,-0.215437,-0.152767
-12.152007,-0.220519,-0.151396
-12.095141,-0.217952,-0.158266
-12.044132,-0.223402,-0.153792
-11.990765,-0.233785,-0.150523
-11.966687,-0.236553,-0.149737
-11.962818,-0.240402,-0.152883
-11.92625,-0.250095,-0.149465
-11.916509,-0.25601,-0.149311
-11.893161,-0.268371,-0.145098
-11.810384,-0.270407,-0.151568
-11.788845,-0.270171,-0.150988
-11.745959,-0.267322,-0.155742
-11.700071,-0.275388,-0.149591
-11.673123,-0.282705,-0.149232
-11.657502,-0.285195,-0.149621
-11.629085,-0.291764,-0.149633
-11.592575,-0.303747,-0.14866
-11.581058,-0.308002,-0.148412
-11.585672,-0.306292,-0.149812
-11.535957,-0.320792,-0.149014
-11.539077,-0.323497,-0.146746
-11.522299,-0.330456,-0.146013
-11.507722,-0.337466,-0.145856
-11.421186,-0.335848,-0.142923
-11.353568,-0.335202,-0.135432
-11.320079,-0.347939,-0.098138
-11.294851,-0.336489,-0.078698
-11.253533,-0.327326,-0.049025
-11.201959,-0.320762,-0.023363
-11.14377,-0.3166,0.007742
-11.100616,-0.301898,0.018349
-11.059749,-0.289202,0.023328
-11.007973,-0.284062,0.030083
-10.990163,-0.281385,0.031262
-10.938515,-0.279309,0.031563
-10.942361,-0.278283,0.026027
-10.922115,-0.27974,0.024373
-10.884659,-0.282864,0.02516
-10.886096,-0.284334,0.027031
-10.873066,-0.28478,0.025497
-10.817525,-0.288097,0.02698
-10.820657,-0.291574,0.026405
-10.783066,-0.296235,0.027164
-10.797118,-0.293739,0.027997
-10.721078,-0.28093,0.021464
-10.670393,-0.272659,0.021272
-10.618928,-0.267283,0.021396
-10.57653,-0.264622,0.022275
-10.529289,-0.263431,0.022644
-10.514892,-0.263748,0.024894
-10.476444,-0.261875,0.023983
-10.438566,-0.2608,0.024572
-10.37298,-0.260005,0.025756
-10.372698,-0.260051,0.024974
-10.337103,-0.258869,0.024734
-10.308954,-0.258831,0.024891
-10.252539,-0.259847,0.025645
-10.217181,-0.264287,0.026802
-10.197312,-0.264187,0.026007
-10.165722,-0.259343,0.026776
-10.144599,-0.257435,0.025593
-10.143118,-0.254818,0.025517
-10.119864,-0.256222,0.025644
-10.089375,-0.259711,0.026373
-10.065306,-0.261905,0.026877
-10.040476,-0.261164,0.027396
-10.05427,-0.262986,0.026602
-10.005937,-0.264233,0.026603
-10.015323,-0.268109,0.026984
-9.967143,-0.270853,0.027158
-9.9439,-0.256195,0.022001
-9.862296,-0.248416,0.021586
-9.844653,-0.240412,0.022686
-9.786368,-0.240524,0.023504
-9.743916,-0.23883,0.023874
-9.733316,-0.241895,0.023445
-9.657713,-0.243701,0.023964
-9.631719,-0.245556,0.023768
-9.563859,-0.241242,0.023266
-9.522758,-0.240376,0.025142
-9.533153,-0.240715,0.024956
-9.491921,-0.239356,0.023491
-9.406663,-0.239938,0.025983
-9.362962,-0.2455,0.026211
-9.35116,-0.246663,0.025399
-9.303809,-0.248972,0.025834
-9.271666,-0.248975,0.026168
-9.217691,-0.254565,0.026038
-9.187153,-0.253465,0.028028
-9.137654,-0.251345,0.026925
-9.115356,-0.24861,0.028396
-9.099311,-0.245038,0.027846
-9.062817,-0.246792,0.028742
-9.036532,-0.248107,0.027379
-8.988269,-0.246248,0.028383
-8.970122,-0.246411,0.02924
-8.91452,-0.244244,0.030287
-8.903064,-0.246116,0.030597
-8.859346,-0.24375,0.029174
-8.794487,-0.241907,0.030587
-8.762383,-0.239828,0.030589
-8.721826,-0.236745,0.030164
-8.691663,-0.235791,0.030751
-8.687586,-0.236874,0.032422
-8.628507,-0.239674,0.029977
-8.618105,-0.239107,0.029238
-8.5803,-0.239737,0.031718
-8.550481,-0.238123,0.032428
-8.535253,-0.237561,0.032414
-8.479548,-0.233785,0.0332
-8.478191,-0.23528,0.031737
-8.453754,-0.233849,0.032464
-8.399016,-0.231451,0.032241
-8.404422,-0.230992,0.031994
-8.37939,-0.232176,0.03251
-8.31969,-0.234006,0.032195
-8.297227,-0.233835,0.032476
-8.280462,-0.234895,0.034584
-8.270006,-0.232098,0.03418
-8.242325,-0.234913,0.0338
-8.225656,-0.235967,0.035097
-8.21457,-0.235768,0.034279
-8.14564,-0.219711,0.032602
-8.073638,-0.213013,0.031528
-8.017501,-0.205028,0.030192
-7.987466,-0.204599,0.03341
-7.951448,-0.200949,0.030479
-7.917986,-0.204399,0.031673
-7.8746,-0.207749,0.033948
-7.826488,-0.209291,0.03401
-7.828419,-0.208871,0.031435
-7.799937,-0.208677,0.031385
-7.769802,-0.206286,0.032343
-7.736401,-0.200989,0.032654
-7.680474,-0.197685,0.031715
-7.6546,-0.194926,0.030629
-7.657375,-0.194852,0.03084
-7.596821,-0.196329,0.030368
-7.562456,-0.196058,0.029024
-7.526036,-0.193306,0.029794
-7.51792,-0.19145,0.030416
-7.489775,-0.19212,0.029
-7.474815,-0.193578,0.02817
-7.426714,-0.189263,0.028132
-7.381008,-0.186009,0.02845
-7.394906,-0.18637,0.028698
-7.360291,-0.183532,0.028695
-7.30821,-0.18507,0.027431
-7.278546,-0.181182,0.028193
-7.24704,-0.179371,0.027657
-7.181031,-0.179864,0.027976
-7.145254,-0.181909,0.027317
-7.117204,-0.179255,0.027991
-7.070641,-0.175735,0.027182
-7.033668,-0.173247,0.027367
-7.026648,-0.172681,0.026676
-6.969372,-0.169682,0.025404
-6.969252,-0.170191,0.026912
-6.943418,-0.168424,0.026376
-6.907213,-0.164422,0.025997
-6.842113,-0.163522,0.026691
-6.832778,-0.162022,0.025511
-6.764706,-0.16159,0.025177
-6.763517,-0.164296,0.024679
-6.729494,-0.161455,0.025399
-6.698086,-0.160418,0.025495
-6.647636,-0.156691,0.024849
-6.641448,-0.153192,0.025531
-6.617252,-0.151609,0.025717
-6.593819,-0.150082,0.025047
-6.569868,-0.149675,0.024019
-6.535388,-0.1524,0.024893
-6.499983,-0.149874,0.024877
-6.467677,-0.148845,0.024781
-6.431495,-0.148917,0.026267
-6.413151,-0.147882,0.025123
-6.366152,-0.148292,0.024402
-6.31699,-0.146804,0.025535
-6.295557,-0.147086,0.024754
-6.266576,-0.145952,0.024577
-6.23072,-0.14586,0.024918
-6.215269,-0.143396,0.025246
-6.202143,-0.145375,0.025806
-6.180933,-0.144794,0.025755
-6.140469,-0.145512,0.026088
-6.118103,-0.141074,0.026431
-6.110901,-0.137781,0.026911
-6.074518,-0.132427,0.025967
-6.052095,-0.136661,0.026369
-6.02969,-0.140819,0.02675
-5.993653,-0.142026,0.026772
-5.929356,-0.142001,0.026758
-5.908403,-0.136197,0.026604
-5.912162,-0.131729,0.027116
-5.90873,-0.130189,0.026185
-5.880995,-0.127244,0.027276
-5.85478,-0.127088,0.027289
-5.845984,-0.121726,0.026814
-5.797786,-0.124287,0.026931
-5.770826,-0.122205,0.027536
-5.746244,-0.121757,0.027558
-5.739903,-0.120283,0.027049
-5.696062,-0.116395,0.028616
-5.690885,-0.113619,0.026946
-5.622601,-0.112506,0.027101
-5.609653,-0.112856,0.028257
-5.553343,-0.115402,0.0279
-5.524342,-0.11235,0.026565
-5.489615,-0.108826,0.027781
-5.473764,-0.105467,0.028784
-5.462926,-0.104599,0.02724
-5.42572,-0.10619,0.02863
-5.421559,-0.111251,0.028039
-5.385785,-0.108301,0.028899
-5.301186,-0.106745,0.030283
-5.289822,-0.105142,0.030164
-5.29602,-0.108693,0.028493
-5.245309,-0.108442,0.027428
-5.252961,-0.11003,0.028396
-5.202864,-0.106094,0.028711
-5.171014,-0.101018,0.027947
-5.170664,-0.100051,0.029213
-5.136342,-0.098803,0.029417
-5.081426,-0.100463,0.028958
-5.003683,-0.099211,0.028614
-4.958215,-0.100165,0.029191
-4.918601,-0.09656,0.029748
-4.905376,-0.098281,0.028954
-4.83479,-0.09685,0.028974
-4.761284,-0.096335,0.029534
-4.748662,-0.09225,0.028612
-4.707035,-0.094433,0.028136
-4.662335,-0.095188,0.030589
-4.578096,-0.091774,0.029289
-4.568696,-0.091107,0.025798
-4.52875,-0.091465,0.027185
-4.502238,-0.088923,0.027153
-4.442941,-0.092597,0.026868
-4.436452,-0.087064,0.028144
-4.370524,-0.081113,0.027837
-4.32929,-0.076952,0.027295
-4.320342,-0.077678,0.028739
-4.271667,-0.072781,0.026328
-4.237455,-0.07363,0.028476
-4.223775,-0.072608,0.02724
-4.1828,-0.071482,0.02726
-4.144169,-0.068288,0.026768
-4.083609,-0.066692,0.027449
-4.101608,-0.066325,0.026203
-4.044674,-0.066425,0.027379
-4.002545,-0.067444,0.028129
-3.995949,-0.07007,0.027773
-3.992166,-0.071092,0.026798
-3.964888,-0.069747,0.027166
-3.955002,-0.065768,0.026757
-3.938788,-0.061865,0.026161
-3.901969,-0.063154,0.026922
-3.886416,-0.063689,0.027831
-3.844751,-0.057276,0.027708
-3.780958,-0.060949,0.027187
-3.766372,-0.056756,0.028086
-3.699961,-0.051859,0.027844
-3.674361,-0.05049,0.026075
-3.636387,-0.050436,0.029053
-3.615489,-0.050135,0.026964
-3.629733,-0.052762,0.026973
-3.563046,-0.046691,0.026609
-3.553865,-0.047056,0.027341
-3.516822,-0.049224,0.027089
-3.502955,-0.048886,0.027008
-3.449771,-0.043614,0.02727
-3.440276,-0.04193,0.027114
-3.432122,-0.039882,0.026195
-3.396461,-0.041012,0.027753
-3.351681,-0.04363,0.027292
-3.297269,-0.038654,0.027268
-3.267441,-0.037298,0.028295
-3.237602,-0.037883,0.027766
-3.225178,-0.043144,0.027377
-3.181461,-0.042799,0.02664
-3.124735,-0.041683,0.027657
-3.09918,-0.037473,0.028992
-3.064904,-0.035548,0.027276
-3.057,-0.036279,0.027831
-2.99749,-0.035992,0.030071
-3.005944,-0.032818,0.027213
-2.947295,-0.031079,0.029781
-2.879568,-0.028729,0.027144
-2.896501,-0.027445,0.027172
-2.872065,-0.027638,0.028173
-2.897904,-0.024898,0.027167
-2.880673,-0.023484,0.027199
-2.792826,-0.022188,0.027811
-2.813886,-0.018084,0.027294
-2.794805,-0.015519,0.027621
-2.798648,-0.015099,0.026773
-2.80099,-0.014921,0.027568
-2.762716,-0.019568,0.027708
-2.741267,-0.018843,0.027503
-2.695553,-0.020199,0.028029
-2.670893,-0.020063,0.028856
-2.643565,-0.016667,0.027435
-2.664882,-0.01147,0.026644
-2.672293,-0.008097,0.026351
-2.655775,-0.010718,0.027886
-2.563468,-0.012307,0.027789
-2.532348,-0.010927,0.027222
-2.558028,-0.0095,0.02774
-2.514129,-0.006953,0.027338
-2.564571,-0.005197,0.02817
-2.534658,-0.010065,0.027055
-2.558703,-0.007372,0.026335
-2.539656,-0.004778,0.026148
-2.533892,-0.000528,0.026704
-2.519193,0.001276,0.026317
-2.45444,0.001931,0.026288
-2.449689,0.003258,0.026526
-2.389683,-0.000599,0.026704
-2.40476,0.003458,0.027217
-2.384855,0.002401,0.026666
-2.384427,0.003061,0.026615
-2.399965,0.002052,0.025905
-2.393289,0.003896,0.027055
-2.474987,0.008786,0.026361
-2.448838,0.010235,0.02614
-2.450641,0.012583,0.026602
-2.438315,0.013463,0.025741
-2.379495,0.013605,0.025926
-2.278563,0.01305,0.02636
-2.268676,0.018545,0.027063
-2.326189,0.018684,0.026776
-2.323271,0.022762,0.025111
-2.307731,0.021713,0.025896
-2.227213,0.023711,0.025333
-2.182382,0.021915,0.029153
-2.224497,0.025897,0.025118
-2.154067,0.022434,0.026307
-2.057751,0.017032,0.023333
-2.092378,0.016158,0.021132
-2.07641,0.018229,0.001513
-2.043949,0.00335,-0.027686
-1.956294,0.001625,-0.035361
-1.987914,-0.005034,-0.074097
-2.057847,-0.016409,-0.081573
-2.041519,-0.032459,-0.125799
-2.082023,-0.042503,-0.138215
-2.08191,-0.049275,-0.156492
-2.06835,-0.062056,-0.17737
-2.018416,-0.073274,-0.184605
-1.906518,-0.083854,-0.182889
-1.781313,-0.092198,-0.185197
-1.716571,-0.102063,-0.185931
-1.601997,-0.103397,-0.185969
-1.554165,-0.113159,-0.183921
-1.562,-0.116729,-0.183898
-1.664975,-0.125826,-0.18325
-1.697887,-0.130011,-0.184399
-1.707143,-0.137072,-0.184081
-1.649965,-0.140242,-0.183411
-1.633901,-0.147623,-0.183493
-1.594487,-0.152328,-0.182956
-1.577491,-0.15638,-0.183383
-1.570635,-0.165551,-0.183983
-1.516616,-0.171022,-0.18387
-1.50253,-0.175414,-0.184024
-1.470676,-0.180017,-0.183402
-1.476173,-0.189243,-0.182776
-1.411265,-0.199183,-0.188291
-1.331591,-0.20353,-0.187757
-1.24739,-0.210838,-0.187537
-1.196039,-0.217168,-0.187289
-1.176964,-0.223933,-0.187505
-1.105852,-0.228237,-0.18724
-1.044618,-0.235969,-0.182169
-0.974513,-0.239253,-0.16632
-0.951586,-0.239096,-0.149334
-0.896653,-0.245431,-0.135921
-0.860323,-0.231721,-0.11593
-0.843658,-0.227328,-0.082832
-0.853664,-0.229127,-0.069986
-0.820375,-0.225212,-0.034082
-0.779173,-0.212575,-0.029027
-0.720788,-0.211671,-0.004418
-0.718521,-0.202586,0.01697
-0.71651,-0.20092,0.023293
-0.696327,-0.204585,0.02638
-0.643837,-0.202861,0.0251
-0.625029,-0.202412,0.025816
-0.542526,-0.201929,0.028555
-0.47742,-0.205068,0.027627
-0.433763,-0.20439,0.027416
-0.459716,-0.204924,0.029602
-0.444514,-0.200303,0.026529
-0.40309,-0.194727,0.026928
-0.361538,-0.190009,0.027826
-0.3791,-0.189861,0.027755
